repository,vulnerability_id,package,installed_version,priority_score,priority_label,reachability,human_label,review_notes
webgoat,GHSA-2p3x-qw9c-25hh,pkg:maven/com.thoughtworks.xstream/xstream@1.4.5,1.4.5,0.5925,high,reachable,,
webgoat,GHSA-2q8x-2p7f-574v,pkg:maven/com.thoughtworks.xstream/xstream@1.4.5,1.4.5,0.5925,high,reachable,,
webgoat,GHSA-3ccq-5vw3-2p6x,pkg:maven/com.thoughtworks.xstream/xstream@1.4.5,1.4.5,0.5925,high,reachable,,
webgoat,GHSA-43gc-mjxg-gvrq,pkg:maven/com.thoughtworks.xstream/xstream@1.4.5,1.4.5,0.5925,high,reachable,,
webgoat,GHSA-4cch-wxpw-8p28,pkg:maven/com.thoughtworks.xstream/xstream@1.4.5,1.4.5,0.5925,high,reachable,,
webgoat,GHSA-4hrm-m67v-5cxr,pkg:maven/com.thoughtworks.xstream/xstream@1.4.5,1.4.5,0.5925,high,reachable,,
webgoat,GHSA-56p8-3fh9-4cvq,pkg:maven/com.thoughtworks.xstream/xstream@1.4.5,1.4.5,0.5925,high,reachable,,
webgoat,GHSA-59jw-jqf4-3wq3,pkg:maven/com.thoughtworks.xstream/xstream@1.4.5,1.4.5,0.5925,high,reachable,,
webgoat,GHSA-64xx-cq4q-mf44,pkg:maven/com.thoughtworks.xstream/xstream@1.4.5,1.4.5,0.5925,high,reachable,,
webgoat,GHSA-6w62-hx7r-mw68,pkg:maven/com.thoughtworks.xstream/xstream@1.4.5,1.4.5,0.5925,high,reachable,,
webgoat,GHSA-6wf9-jmg9-vxcc,pkg:maven/com.thoughtworks.xstream/xstream@1.4.5,1.4.5,0.5925,high,reachable,,
webgoat,GHSA-74cv-f58x-f9wf,pkg:maven/com.thoughtworks.xstream/xstream@1.4.5,1.4.5,0.5925,high,reachable,,
webgoat,GHSA-7chv-rrw6-w6fc,pkg:maven/com.thoughtworks.xstream/xstream@1.4.5,1.4.5,0.5925,high,reachable,,
webgoat,GHSA-7hwc-46rm-65jh,pkg:maven/com.thoughtworks.xstream/xstream@1.4.5,1.4.5,0.5925,high,reachable,,
webgoat,GHSA-8jrj-525p-826v,pkg:maven/com.thoughtworks.xstream/xstream@1.4.5,1.4.5,0.5925,high,reachable,,
webgoat,GHSA-cxfm-5m4g-x7xp,pkg:maven/com.thoughtworks.xstream/xstream@1.4.5,1.4.5,0.5925,high,reachable,,
webgoat,GHSA-f554-x222-wgf7,pkg:maven/com.thoughtworks.xstream/xstream@1.4.5,1.4.5,0.5925,high,reachable,,
webgoat,GHSA-f6hm-88x3-mfjv,pkg:maven/com.thoughtworks.xstream/xstream@1.4.5,1.4.5,0.5925,high,reachable,,
webgoat,GHSA-f8cc-g7j8-xxpm,pkg:maven/com.thoughtworks.xstream/xstream@1.4.5,1.4.5,0.5925,high,reachable,,
webgoat,GHSA-g5w6-mrj7-75h2,pkg:maven/com.thoughtworks.xstream/xstream@1.4.5,1.4.5,0.5925,high,reachable,,
webgoat,GHSA-h7v4-7xg3-hxcc,pkg:maven/com.thoughtworks.xstream/xstream@1.4.5,1.4.5,0.5925,high,reachable,,
webgoat,GHSA-hfq9-hggm-c56q,pkg:maven/com.thoughtworks.xstream/xstream@1.4.5,1.4.5,0.5925,high,reachable,,
webgoat,GHSA-hph2-m3g5-xxv4,pkg:maven/com.thoughtworks.xstream/xstream@1.4.5,1.4.5,0.5925,high,reachable,,
webgoat,GHSA-hrcp-8f3q-4w2c,pkg:maven/com.thoughtworks.xstream/xstream@1.4.5,1.4.5,0.5925,high,reachable,,
webgoat,GHSA-hvv8-336g-rx3m,pkg:maven/com.thoughtworks.xstream/xstream@1.4.5,1.4.5,0.5925,high,reachable,,
webgoat,GHSA-hwpc-8xqv-jvj4,pkg:maven/com.thoughtworks.xstream/xstream@1.4.5,1.4.5,0.5925,high,reachable,,
webgoat,GHSA-j563-grx4-pjpv,pkg:maven/com.thoughtworks.xstream/xstream@1.4.5,1.4.5,0.5925,high,reachable,,
webgoat,GHSA-j9h8-phrw-h4fh,pkg:maven/com.thoughtworks.xstream/xstream@1.4.5,1.4.5,0.5925,high,reachable,,
webgoat,GHSA-jfvx-7wrx-43fh,pkg:maven/com.thoughtworks.xstream/xstream@1.4.5,1.4.5,0.5925,high,reachable,,
webgoat,GHSA-mw36-7c6c-q4q2,pkg:maven/com.thoughtworks.xstream/xstream@1.4.5,1.4.5,0.5925,high,reachable,,
webgoat,GHSA-p8pq-r894-fm8f,pkg:maven/com.thoughtworks.xstream/xstream@1.4.5,1.4.5,0.5925,high,reachable,,
webgoat,GHSA-qpfq-ph7r-qv6f,pkg:maven/com.thoughtworks.xstream/xstream@1.4.5,1.4.5,0.5925,high,reachable,,
webgoat,GHSA-qrx8-8545-4wg2,pkg:maven/com.thoughtworks.xstream/xstream@1.4.5,1.4.5,0.5925,high,reachable,,
webgoat,GHSA-rgh3-987h-wpmw,pkg:maven/com.thoughtworks.xstream/xstream@1.4.5,1.4.5,0.5925,high,reachable,,
webgoat,GHSA-rmr5-cpv2-vgjf,pkg:maven/com.thoughtworks.xstream/xstream@1.4.5,1.4.5,0.5925,high,reachable,,
webgoat,GHSA-xw4p-crpj-vjx2,pkg:maven/com.thoughtworks.xstream/xstream@1.4.5,1.4.5,0.5925,high,reachable,,
benchmarkjava,GHSA-4h8f-2wvx-gg5w,pkg:maven/org.bouncycastle/bcprov-jdk15on@1.70,1.70,0.5925,high,reachable,,
benchmarkjava,GHSA-8xfc-gm6g-vgpv,pkg:maven/org.bouncycastle/bcprov-jdk15on@1.70,1.70,0.5925,high,reachable,,
benchmarkjava,GHSA-hr8g-6v94-x4m9,pkg:maven/org.bouncycastle/bcprov-jdk15on@1.70,1.70,0.5925,high,reachable,,
benchmarkjava,GHSA-v435-xc8x-wvr9,pkg:maven/org.bouncycastle/bcprov-jdk15on@1.70,1.70,0.5925,high,reachable,,
benchmarkjava,GHSA-wjxj-5m7g-mg7q,pkg:maven/org.bouncycastle/bcprov-jdk15on@1.70,1.70,0.5925,high,reachable,,
benchmarkjava,GHSA-8grg-q944-cch5,pkg:maven/org.hibernate/hibernate-core@3.6.10.Final,3.6.10.Final,0.5925,high,reachable,,
benchmarkjava,GHSA-j8jw-g6fq-mp7h,pkg:maven/org.hibernate/hibernate-core@3.6.10.Final,3.6.10.Final,0.5925,high,reachable,,
benchmarkjava,GHSA-4gc7-5j7h-4qph,pkg:maven/org.springframework/spring-context@5.3.39,5.3.39,0.5925,high,reachable,,
benchmarkjava,GHSA-4wp7-92pw-q264,pkg:maven/org.springframework/spring-context@5.3.39,5.3.39,0.5925,high,reachable,,
benchmarkjava,GHSA-4gc7-5j7h-4qph,pkg:maven/org.springframework/spring-web@5.3.39,5.3.39,0.5925,high,reachable,,
benchmarkjava,GHSA-4wrc-f8pq-fpqp,pkg:maven/org.springframework/spring-web@5.3.39,5.3.39,0.5925,high,reachable,,
benchmarkjava,GHSA-4773-3jfm-qmx3,pkg:maven/org.springframework/spring-webmvc@5.3.39,5.3.39,0.5925,high,reachable,,
benchmarkjava,GHSA-6hcq-hmm3-jj3c,pkg:maven/org.springframework/spring-webmvc@5.3.39,5.3.39,0.5925,high,reachable,,
benchmarkjava,GHSA-cx7f-g6mp-7hqm,pkg:maven/org.springframework/spring-webmvc@5.3.39,5.3.39,0.5925,high,reachable,,
benchmarkjava,GHSA-g5vr-rgqm-vf78,pkg:maven/org.springframework/spring-webmvc@5.3.39,5.3.39,0.5925,high,reachable,,
benchmarkjava,GHSA-r936-gwx5-v52f,pkg:maven/org.springframework/spring-webmvc@5.3.39,5.3.39,0.5925,high,reachable,,
benchmarkjava,GHSA-w3c8-7r8f-9jp8,pkg:maven/org.springframework/spring-webmvc@5.3.39,5.3.39,0.5925,high,reachable,,
struts-examples,GHSA-7c3f-cg9x-f3gr,pkg:maven/net.sf.jasperreports/jasperreports@6.21.4,6.21.4,0.5925,high,reachable,,
struts-examples,GHSA-3pxv-7cmr-fjr4,pkg:maven/org.apache.logging.log4j/log4j-core@2.25.1,2.25.1,0.5925,high,reachable,,
struts-examples,GHSA-445c-vh5m-36rj,pkg:maven/org.apache.logging.log4j/log4j-core@2.25.1,2.25.1,0.5925,high,reachable,,
struts-examples,GHSA-6hg6-v5c8-fphq,pkg:maven/org.apache.logging.log4j/log4j-core@2.25.1,2.25.1,0.5925,high,reachable,,
struts-examples,GHSA-vc5p-v9hr-52mj,pkg:maven/org.apache.logging.log4j/log4j-core@2.25.1,2.25.1,0.5925,high,reachable,,
struts-examples,GHSA-c4qc-4q9p-m9q9,pkg:maven/org.apache.shiro/shiro-core@2.0.5,2.0.5,0.5925,high,reachable,,
struts-examples,GHSA-rg58-xhh7-mqjw,pkg:maven/org.apache.struts/struts2-core@7.0.3,7.0.3,0.5925,high,reachable,,
struts-examples,GHSA-xx7v-hqxh-cjr9,pkg:maven/org.apache.struts/struts2-core@7.0.3,7.0.3,0.5925,high,reachable,,
webgoat,GHSA-3677-xxcr-wjqv,pkg:maven/org.bitbucket.b_c/jose4j@0.9.3,0.9.3,0.3075,low,unreachable,,
webgoat,GHSA-6qvw-249j-h44c,pkg:maven/org.bitbucket.b_c/jose4j@0.9.3,0.9.3,0.3075,low,unreachable,,
benchmarkjava,GHSA-j288-q9x7-2f5v,pkg:maven/commons-lang/commons-lang@2.6,2.6,0.3075,low,unreachable,,
struts-examples,GHSA-72hv-8253-57qq,pkg:maven/com.fasterxml.jackson.core/jackson-core@2.14.1,2.14.1,0.3075,low,unreachable,,
struts-examples,GHSA-h46c-h94j-95f3,pkg:maven/com.fasterxml.jackson.core/jackson-core@2.14.1,2.14.1,0.3075,low,unreachable,,
